,Dni od zakupu,Marka,Wiek kupujacego,Plec kupujacego,Ocena
0,3,Beko,35.0,bd.,3.0
1,8,Dyson,48.0,M,4.0
2,9,Electrolux,41.0,M,3.0
3,6,Electrolux,29.0,K,2.0
4,10,Tefal,49.0,K,5.0
5,10,Samsung,53.0,K,2.5
6,8,Electrolux,28.0,K,1.5
7,8,Tefal,35.0,K,3.5
8,2,Tefal,28.0,K,3.0
9,9,Electrolux,36.0,M,1.0
10,6,Electrolux,47.0,bd.,3.0
11,9,Electrolux,36.0,M,4.5
12,7,Electrolux,41.0,M,3.0
13,6,Electrolux,33.0,bd.,1.0
14,4,Electrolux,43.0,M,2.5
15,4,Tefal,35.0,bd.,3.5
16,2,Electrolux,43.0,M,2.0
17,6,Tefal,32.0,M,2.0
18,6,Samsung,39.0,K,3.0
19,11,Samsung,46.0,bd.,0.5
20,10,Samsung,29.0,K,2.0
21,3,Electrolux,41.0,K,2.5
22,5,Electrolux,47.0,M,2.5
23,4,Electrolux,39.0,M,4.0
24,12,Tefal,47.0,M,1.5
25,10,Tefal,53.0,K,4.0
26,13,Dyson,30.0,M,3.5
27,9,Electrolux,,M,3.0
28,9,Electrolux,47.0,bd.,3.5
29,7,Tefal,37.0,M,2.0
30,5,Electrolux,39.0,M,1.5
31,4,Tefal,,M,3.5
32,4,Tefal,,bd.,2.0
33,6,Tefal,38.0,K,0.0
34,4,Electrolux,49.0,bd.,2.0
35,5,Electrolux,23.0,M,3.0
36,4,Electrolux,61.0,bd.,3.5
37,7,Beko,23.0,M,1.5
38,12,Samsung,,K,3.5
39,4,Electrolux,42.0,K,4.0
40,7,Tefal,,M,1.5
41,11,Samsung,42.0,K,2.0
42,7,Electrolux,52.0,K,2.5
43,7,Samsung,48.0,K,2.0
44,9,Electrolux,32.0,bd.,1.5
45,11,Electrolux,34.0,bd.,4.0
46,5,Electrolux,25.0,bd.,2.5
47,10,Electrolux,46.0,K,2.5
48,8,Electrolux,,M,3.0
49,10,Tefal,32.0,M,2.0
50,8,Dyson,42.0,bd.,4.0
51,4,Electrolux,36.0,M,3.0
52,5,Beko,28.0,bd.,1.0
53,13,Electrolux,40.0,K,3.5
54,8,Samsung,41.0,M,1.5
55,6,Electrolux,,bd.,3.0
56,5,Electrolux,28.0,bd.,4.0
57,3,Electrolux,43.0,K,2.5
58,5,Beko,38.0,M,3.5
59,10,Electrolux,34.0,K,2.5
60,5,Beko,48.0,M,4.0
61,7,Electrolux,23.0,K,2.5
62,7,Samsung,26.0,K,3.5
63,5,Electrolux,34.0,K,2.5
64,5,Samsung,38.0,M,1.0
65,12,Electrolux,47.0,K,2.5
66,7,Electrolux,36.0,M,2.5
67,8,Electrolux,26.0,M,2.0
68,5,Tefal,,K,2.5
69,4,Dyson,59.0,K,0.5
70,4,Dyson,,bd.,1.5
71,7,Electrolux,34.0,M,1.5
72,6,Tefal,38.0,M,1.5
73,6,Beko,39.0,K,2.0
74,12,Electrolux,47.0,M,2.5
75,5,Electrolux,33.0,K,3.0
76,9,Electrolux,28.0,K,2.5
77,3,Tefal,34.0,M,1.5
78,7,Electrolux,37.0,K,3.0
79,7,Samsung,27.0,M,2.5
80,12,Samsung,45.0,M,3.0
81,10,Tefal,35.0,K,3.5
82,6,Electrolux,41.0,K,3.5
83,11,Electrolux,,bd.,3.5
84,6,Samsung,33.0,K,2.0
85,2,Beko,,K,4.0
86,8,Tefal,,K,3.0
87,10,Dyson,40.0,bd.,2.5
88,6,Tefal,,bd.,3.0
89,6,Electrolux,49.0,K,0.5
90,6,Tefal,33.0,bd.,3.5
91,4,Beko,32.0,bd.,3.0
92,7,Beko,,K,2.5
93,6,Tefal,25.0,bd.,0.0
94,7,Tefal,42.0,M,4.0
95,6,Tefal,41.0,bd.,3.0
96,9,Tefal,46.0,bd.,1.5
97,5,Electrolux,65.0,K,0.0
98,8,Dyson,28.0,K,3.0
99,7,Samsung,42.0,K,2.5
100,3,Tefal,43.0,M,1.5
101,7,Beko,37.0,M,3.0
102,5,Electrolux,38.0,M,2.5
103,11,Tefal,,K,1.5
104,8,Electrolux,39.0,K,1.0
105,7,Tefal,35.0,K,3.0
106,5,Tefal,47.0,K,2.0
107,7,Dyson,51.0,K,2.0
108,9,Electrolux,56.0,K,1.0
109,9,Electrolux,42.0,K,3.5
110,9,Dyson,36.0,M,1.5
111,4,Samsung,,K,2.5
112,8,Dyson,26.0,M,3.0
113,5,Samsung,,K,2.0
114,6,Electrolux,33.0,bd.,2.0
115,10,Tefal,33.0,M,3.0
116,6,Dyson,39.0,K,4.5
117,6,Electrolux,43.0,M,1.0
118,7,Tefal,,K,4.0
119,6,Electrolux,37.0,K,3.0
120,7,Samsung,,bd.,2.5
121,7,Electrolux,38.0,bd.,3.0
122,8,Electrolux,42.0,M,2.0
123,8,Beko,30.0,bd.,3.5
124,4,Electrolux,30.0,M,3.0
125,9,Electrolux,49.0,M,1.5
126,4,Electrolux,44.0,bd.,2.0
127,3,Electrolux,43.0,K,3.0
128,6,Electrolux,42.0,K,4.0
129,10,Tefal,,K,3.0
130,11,Electrolux,39.0,bd.,3.0
131,9,Dyson,27.0,bd.,4.0
132,5,Dyson,34.0,K,0.5
133,4,Electrolux,23.0,K,1.5
134,6,Electrolux,33.0,bd.,4.0
135,12,Electrolux,,M,1.5
136,9,Electrolux,51.0,M,1.5
137,9,Tefal,42.0,M,2.0
138,7,Samsung,46.0,K,2.0
139,11,Tefal,30.0,K,2.5
140,8,Dyson,47.0,K,2.5
141,8,Electrolux,,K,1.0
142,4,Dyson,,bd.,2.5
143,3,Samsung,57.0,M,3.5
144,12,Tefal,26.0,M,4.0
145,8,Samsung,47.0,K,4.0
146,6,Beko,44.0,M,4.0
147,5,Electrolux,38.0,K,2.0
148,7,Samsung,39.0,M,5.0
149,9,Tefal,47.0,bd.,3.0
150,7,Dyson,44.0,K,1.5
151,10,Tefal,38.0,K,4.0
152,12,Tefal,,K,4.0
153,8,Electrolux,30.0,bd.,2.0
154,9,Dyson,42.0,K,1.5
155,9,Tefal,38.0,M,5.0
156,7,Electrolux,28.0,K,1.5
157,8,Electrolux,39.0,K,1.0
158,8,Samsung,38.0,bd.,3.0
159,4,Beko,39.0,bd.,1.5
160,8,Beko,19.0,M,2.0
161,11,Electrolux,38.0,M,3.0
162,3,Tefal,40.0,M,2.5
163,4,Electrolux,32.0,bd.,1.5
164,9,Tefal,45.0,M,2.5
165,11,Electrolux,30.0,M,1.0
166,11,Electrolux,36.0,M,2.0
167,9,Tefal,52.0,bd.,1.0
168,6,Samsung,44.0,M,2.0
169,6,Electrolux,36.0,M,1.5
170,6,Samsung,46.0,bd.,1.5
171,7,Electrolux,36.0,K,2.5
172,6,Electrolux,,K,2.0
173,7,Samsung,49.0,M,2.0
174,4,Dyson,42.0,K,3.0
175,6,Electrolux,48.0,M,4.0
176,6,Dyson,49.0,K,1.0
177,6,Electrolux,37.0,K,2.0
178,7,Samsung,61.0,M,3.5
179,7,Tefal,44.0,K,2.0
180,6,Samsung,41.0,M,2.5
181,4,Electrolux,31.0,K,3.0
182,7,Electrolux,48.0,M,0.5
183,16,Electrolux,58.0,M,1.5
184,3,Tefal,36.0,bd.,2.0
185,6,Dyson,50.0,M,3.0
186,5,Samsung,35.0,bd.,3.5
187,6,Tefal,,M,3.0
188,9,Electrolux,48.0,M,4.0
189,6,Tefal,38.0,M,1.0
190,3,Electrolux,44.0,K,3.0
191,8,Beko,52.0,K,3.5
192,8,Electrolux,57.0,bd.,2.5
193,3,Electrolux,52.0,K,2.0
194,10,Beko,47.0,M,4.0
195,3,Electrolux,34.0,bd.,4.5
196,6,Samsung,45.0,M,3.5
197,7,Electrolux,28.0,K,2.0
198,6,Tefal,25.0,M,2.5
199,7,Samsung,38.0,bd.,2.0
200,4,Samsung,62.0,M,1.0
201,7,Tefal,,M,3.5
202,12,Samsung,44.0,bd.,2.0
203,5,Samsung,41.0,bd.,2.0
204,4,Electrolux,51.0,M,1.5
205,6,Electrolux,,bd.,2.5
206,2,Electrolux,,M,4.5
207,8,Electrolux,,K,2.5
208,11,Electrolux,35.0,bd.,3.0
209,4,Electrolux,27.0,K,1.0
210,7,Electrolux,,K,3.0
211,3,Electrolux,27.0,K,1.0
212,6,Electrolux,46.0,M,2.5
213,9,Tefal,42.0,K,3.0
214,2,Tefal,39.0,M,5.0
215,7,Tefal,,M,3.0
216,2,Electrolux,40.0,K,2.5
217,7,Electrolux,45.0,bd.,1.5
218,2,Electrolux,39.0,M,1.5
219,7,Samsung,,bd.,2.0
220,7,Electrolux,45.0,K,3.5
221,7,Samsung,36.0,M,2.0
222,11,Electrolux,47.0,M,2.5
223,3,Tefal,47.0,bd.,0.5
224,8,Electrolux,43.0,bd.,1.5
225,9,Samsung,32.0,K,2.5
226,7,Electrolux,34.0,M,2.0
227,8,Electrolux,41.0,M,3.5
228,11,Samsung,48.0,K,3.0
229,3,Tefal,,M,1.5
230,7,Beko,35.0,M,3.0
231,8,Electrolux,36.0,M,3.0
232,7,Dyson,44.0,bd.,2.5
233,7,Dyson,35.0,bd.,2.5
234,9,Electrolux,50.0,K,2.5
235,9,Beko,47.0,M,1.5
236,6,Electrolux,44.0,M,2.0
237,7,Electrolux,33.0,bd.,2.0
238,10,Electrolux,34.0,K,1.5
239,8,Dyson,42.0,K,3.0
240,6,Samsung,36.0,K,2.0
241,5,Electrolux,19.0,K,3.0
242,7,Electrolux,48.0,bd.,2.0
243,8,Samsung,44.0,K,2.0
244,8,Electrolux,49.0,M,1.5
245,4,Electrolux,41.0,M,3.5
246,7,Electrolux,56.0,K,3.0
247,4,Electrolux,40.0,K,1.0
248,16,Dyson,40.0,M,4.0
249,8,Electrolux,38.0,bd.,2.0
250,3,Tefal,56.0,K,0.0
251,5,Samsung,35.0,bd.,0.5
252,8,Electrolux,41.0,K,1.0
253,6,Samsung,49.0,bd.,3.5
254,9,Electrolux,29.0,K,2.0
255,11,Electrolux,48.0,M,4.0
256,7,Tefal,,K,1.5
257,4,Samsung,49.0,K,2.5
258,4,Electrolux,,bd.,2.0
259,8,Samsung,36.0,K,1.0
260,8,Beko,40.0,K,1.5
261,7,Electrolux,47.0,bd.,3.0
262,8,Electrolux,66.0,K,2.0
263,4,Tefal,36.0,K,1.5
264,5,Samsung,25.0,bd.,4.0
265,11,Electrolux,63.0,K,1.5
266,8,Tefal,40.0,K,3.0
267,3,Samsung,25.0,M,3.5
268,5,Electrolux,46.0,K,5.0
269,6,Dyson,43.0,K,2.0
270,2,Electrolux,43.0,K,3.5
271,2,Tefal,41.0,M,2.5
272,6,Samsung,42.0,M,4.0
273,6,Beko,,M,3.0
274,10,Electrolux,36.0,K,2.0
275,4,Tefal,39.0,M,3.0
276,8,Tefal,,bd.,4.0
277,8,Dyson,,M,1.5
278,6,Electrolux,32.0,bd.,2.0
279,3,Electrolux,38.0,M,2.0
280,7,Electrolux,29.0,M,2.5
281,7,Tefal,50.0,bd.,1.5
282,5,Samsung,48.0,K,4.0
283,2,Electrolux,43.0,M,2.0
284,5,Electrolux,30.0,M,1.5
285,6,Samsung,36.0,M,1.5
286,6,Electrolux,27.0,K,4.5
287,9,Electrolux,34.0,K,2.0
288,12,Electrolux,23.0,K,1.5
289,6,Electrolux,41.0,K,2.0
290,6,Tefal,20.0,bd.,2.5
291,7,Beko,39.0,bd.,3.0
292,5,Electrolux,40.0,M,2.5
293,10,Electrolux,35.0,K,3.0
294,12,Electrolux,,M,1.5
295,7,Electrolux,43.0,K,1.5
296,6,Electrolux,37.0,bd.,5.0
297,1,Tefal,57.0,bd.,2.5
298,3,Electrolux,,M,5.0
299,6,Samsung,46.0,bd.,1.0
300,4,Electrolux,44.0,M,3.5
301,5,Dyson,37.0,M,1.0
302,7,Tefal,37.0,M,3.0
303,7,Samsung,,K,2.5
304,7,Tefal,43.0,K,3.0
305,9,Electrolux,33.0,M,4.0
306,9,Electrolux,41.0,M,4.0
307,4,Electrolux,48.0,M,3.5
308,12,Electrolux,42.0,K,2.5
309,7,Electrolux,42.0,M,5.0
310,7,Tefal,27.0,bd.,3.0
311,12,Samsung,42.0,K,0.5
312,6,Electrolux,20.0,M,2.5
313,9,Samsung,64.0,M,2.5
314,5,Dyson,44.0,bd.,2.0
315,9,Electrolux,40.0,K,3.5
316,5,Electrolux,46.0,M,1.5
317,7,Tefal,40.0,K,2.0
318,4,Samsung,54.0,K,3.0
319,6,Electrolux,34.0,bd.,5.0
320,4,Tefal,27.0,bd.,0.5
321,14,Electrolux,41.0,M,3.5
322,6,Tefal,54.0,K,3.5
323,9,Electrolux,,M,2.0
324,5,Electrolux,43.0,M,3.0
325,6,Dyson,34.0,bd.,2.0
326,4,Electrolux,,bd.,2.0
327,10,Tefal,24.0,bd.,4.0
328,3,Electrolux,28.0,bd.,4.0
329,4,Electrolux,22.0,K,2.0
330,14,Electrolux,37.0,bd.,1.5
331,5,Tefal,26.0,K,3.5
332,9,Samsung,45.0,K,2.5
333,8,Beko,34.0,M,3.0
334,9,Beko,48.0,K,2.0
335,9,Tefal,22.0,K,3.5
336,11,Electrolux,36.0,K,3.0
337,3,Tefal,22.0,bd.,3.5
338,9,Samsung,51.0,M,5.0
339,5,Dyson,44.0,bd.,1.5
340,6,Electrolux,,bd.,2.0
341,10,Samsung,40.0,K,1.5
342,8,Samsung,23.0,M,2.5
343,9,Electrolux,,K,2.0
344,9,Tefal,34.0,bd.,3.0
345,7,Electrolux,48.0,K,2.5
346,14,Electrolux,27.0,M,1.5
347,5,Electrolux,48.0,K,1.5
348,6,Electrolux,39.0,M,4.5
349,5,Electrolux,46.0,K,4.5
350,5,Dyson,43.0,M,0.5
351,8,Electrolux,39.0,K,0.5
352,12,Samsung,45.0,K,4.0
353,8,Electrolux,,M,2.0
354,3,Tefal,52.0,K,3.0
355,8,Tefal,,bd.,0.5
356,10,Tefal,52.0,M,1.5
357,5,Tefal,49.0,bd.,2.0
358,9,Electrolux,42.0,K,2.0
359,8,Samsung,46.0,K,4.0
360,6,Samsung,52.0,M,1.0
361,5,Beko,47.0,bd.,2.0
362,10,Electrolux,25.0,bd.,2.0
363,2,Tefal,42.0,M,2.0
364,5,Tefal,57.0,K,1.5
365,4,Electrolux,31.0,bd.,2.5
366,5,Electrolux,50.0,K,3.0
367,12,Electrolux,31.0,M,4.5
368,5,Samsung,37.0,K,3.0
369,10,Electrolux,34.0,M,5.0
370,4,Electrolux,26.0,bd.,2.5
371,8,Tefal,46.0,K,3.5
372,4,Electrolux,,M,2.5
373,5,Beko,32.0,K,4.0
374,8,Dyson,58.0,M,2.0
375,4,Electrolux,,M,2.5
376,8,Samsung,,K,2.5
377,10,Samsung,18.0,K,2.0
378,5,Electrolux,35.0,M,2.5
379,8,Tefal,30.0,M,1.5
380,11,Samsung,39.0,K,3.5
381,8,Samsung,49.0,bd.,5.0
382,6,Electrolux,54.0,K,4.0
383,7,Electrolux,34.0,M,2.0
384,7,Samsung,37.0,K,2.5
385,13,Tefal,35.0,M,2.0
386,13,Electrolux,46.0,bd.,3.0
387,10,Dyson,24.0,bd.,2.5
388,6,Electrolux,18.0,bd.,2.5
389,5,Electrolux,49.0,bd.,4.5
390,11,Electrolux,55.0,bd.,2.5
391,3,Electrolux,41.0,M,2.0
392,7,Samsung,45.0,bd.,3.5
393,8,Electrolux,33.0,bd.,3.0
394,9,Tefal,,bd.,1.5
395,11,Beko,57.0,M,4.0
396,6,Samsung,35.0,M,2.0
397,5,Electrolux,42.0,K,5.0
398,7,Tefal,35.0,bd.,5.0
399,7,Electrolux,36.0,K,3.5
400,7,Electrolux,41.0,bd.,3.5
401,7,Electrolux,40.0,K,4.0
402,4,Electrolux,33.0,M,2.0
403,6,Electrolux,49.0,K,2.0
404,6,Electrolux,31.0,M,4.0
405,7,Electrolux,54.0,K,2.0
406,8,Tefal,37.0,M,4.0
407,10,Electrolux,34.0,K,1.5
408,4,Electrolux,35.0,M,2.5
409,6,Electrolux,33.0,K,2.5
410,8,Electrolux,28.0,bd.,2.5
411,11,Beko,51.0,K,3.0
412,4,Tefal,54.0,K,3.0
413,5,Electrolux,45.0,M,4.5
414,8,Samsung,44.0,bd.,1.5
415,6,Samsung,40.0,bd.,2.0
416,9,Electrolux,33.0,K,2.5
417,5,Electrolux,45.0,M,2.0
418,4,Electrolux,24.0,M,2.0
419,5,Dyson,43.0,bd.,3.0
420,10,Electrolux,,M,3.0
421,7,Dyson,32.0,K,1.5
422,7,Electrolux,,K,2.0
423,6,Tefal,46.0,K,2.5
424,7,Dyson,44.0,bd.,2.0
425,6,Beko,,bd.,4.5
426,7,Samsung,60.0,M,3.0
427,1,Electrolux,57.0,K,2.0
428,5,Electrolux,,K,4.0
429,9,Samsung,34.0,K,2.0
430,9,Electrolux,32.0,M,1.5
431,6,Tefal,,M,2.0
432,7,Electrolux,60.0,K,2.5
433,8,Electrolux,38.0,K,1.5
434,7,Electrolux,42.0,M,1.5
435,6,Dyson,48.0,K,2.0
436,7,Tefal,32.0,M,2.0
437,7,Dyson,25.0,M,4.0
438,4,Electrolux,34.0,M,3.0
439,10,Beko,42.0,bd.,3.5
440,10,Electrolux,45.0,bd.,4.5
441,2,Electrolux,35.0,bd.,2.5
442,7,Dyson,27.0,K,5.0
443,10,Electrolux,48.0,M,0.0
444,8,Dyson,34.0,M,2.5
445,3,Tefal,48.0,K,3.5
446,4,Electrolux,41.0,K,3.0
447,7,Tefal,34.0,M,3.5
448,5,Electrolux,51.0,K,2.5
449,6,Electrolux,27.0,bd.,2.0
450,12,Dyson,,M,3.5
451,6,Electrolux,,M,2.5
452,13,Electrolux,49.0,bd.,1.0
453,8,Electrolux,55.0,bd.,3.0
454,6,Beko,33.0,K,1.5
455,6,Electrolux,53.0,K,2.5
456,12,Electrolux,,bd.,3.5
457,6,Tefal,33.0,M,4.5
458,4,Tefal,32.0,bd.,3.0
459,7,Tefal,42.0,M,0.0
460,9,Electrolux,35.0,K,0.5
461,4,Electrolux,56.0,M,3.5
462,9,Dyson,51.0,M,1.0
463,10,Electrolux,39.0,M,0.5
464,6,Electrolux,29.0,M,2.5
465,6,Tefal,40.0,K,4.5
466,6,Electrolux,60.0,M,4.5
467,3,Electrolux,42.0,bd.,1.5
468,9,Dyson,38.0,bd.,1.0
469,6,Electrolux,53.0,bd.,1.5
470,11,Electrolux,38.0,bd.,1.0
471,5,Tefal,38.0,K,1.0
472,7,Electrolux,46.0,bd.,1.5
473,2,Electrolux,32.0,M,2.0
474,7,Tefal,46.0,bd.,2.0
475,7,Samsung,49.0,bd.,4.5
476,7,Tefal,29.0,bd.,4.0
477,4,Electrolux,26.0,M,3.0
478,3,Electrolux,35.0,M,2.5
479,4,Tefal,,K,1.5
480,5,Tefal,51.0,bd.,3.0
481,9,Electrolux,33.0,M,3.0
482,7,Dyson,33.0,M,1.5
483,4,Dyson,41.0,bd.,3.5
484,5,Beko,54.0,K,2.5
485,6,Tefal,55.0,bd.,2.5
486,6,Electrolux,30.0,K,0.0
487,3,Electrolux,52.0,bd.,3.0
488,10,Electrolux,48.0,bd.,3.0
489,5,Beko,29.0,K,2.5
490,9,Tefal,,K,1.0
491,7,Electrolux,,M,2.0
492,11,Tefal,62.0,K,5.0
493,6,Electrolux,,bd.,1.5
494,5,Electrolux,,K,4.0
495,7,Tefal,33.0,K,1.0
496,11,Electrolux,41.0,K,2.0
497,7,Tefal,41.0,M,2.0
498,9,Tefal,27.0,M,2.5
499,5,Electrolux,31.0,bd.,1.0
500,6,Samsung,48.0,M,0.5
501,7,Electrolux,36.0,bd.,1.0
502,7,Electrolux,51.0,K,3.0
503,8,Electrolux,28.0,bd.,1.5
504,8,Electrolux,30.0,M,1.5
505,4,Electrolux,69.0,K,1.0
506,9,Dyson,42.0,M,3.0
507,9,Samsung,,M,3.5
508,5,Tefal,27.0,M,2.5
509,4,Samsung,31.0,K,2.0
510,4,Electrolux,76.0,M,2.5
511,6,Beko,43.0,bd.,3.5
512,7,Electrolux,53.0,bd.,2.0
513,6,Samsung,33.0,K,1.5
514,5,Electrolux,40.0,K,0.5
515,12,Electrolux,45.0,K,4.5
516,6,Samsung,26.0,bd.,1.0
517,7,Dyson,,K,2.0
518,7,Electrolux,28.0,bd.,1.5
519,8,Electrolux,52.0,K,3.5
520,6,Tefal,57.0,M,1.5
