,Dni od zakupu,Marka,Wiek kupujacego,Plec kupujacego,Ocena
0,5,Electrolux,30.0,M,2.5
1,7,Electrolux,26.0,M,1.5
2,10,Beko,60.0,bd.,3.0
3,9,Dyson,47.0,M,4.5
4,5,Electrolux,39.0,M,1.5
5,8,Samsung,60.0,bd.,2.0
6,6,Electrolux,,M,2.5
7,4,Electrolux,41.0,bd.,1.5
8,16,Electrolux,51.0,M,3.0
9,7,Electrolux,40.0,M,0.5
10,5,Tefal,48.0,M,3.0
11,4,Dyson,41.0,M,2.5
12,13,Dyson,20.0,bd.,4.0
13,6,Dyson,52.0,M,3.5
14,7,Electrolux,31.0,bd.,3.0
15,7,Beko,36.0,M,1.5
16,8,Electrolux,41.0,M,3.5
17,3,Electrolux,50.0,M,0.5
18,8,Electrolux,,bd.,2.0
19,5,Electrolux,42.0,M,2.0
20,11,Electrolux,45.0,M,1.5
21,6,Beko,41.0,M,3.0
22,14,Electrolux,51.0,M,0.5
23,9,Dyson,40.0,bd.,1.5
24,6,Electrolux,42.0,M,4.5
25,6,Beko,39.0,M,3.5
26,3,Electrolux,26.0,bd.,2.0
27,5,Beko,40.0,K,2.5
28,10,Electrolux,,K,3.5
29,13,Electrolux,33.0,M,1.0
30,11,Electrolux,,M,4.5
31,4,Dyson,37.0,bd.,1.5
32,12,Electrolux,53.0,bd.,2.0
33,6,Dyson,40.0,M,2.5
34,7,Electrolux,37.0,M,1.0
35,10,Electrolux,20.0,M,1.5
36,7,Electrolux,37.0,bd.,3.0
37,9,Dyson,53.0,bd.,3.5
38,5,Electrolux,30.0,M,2.5
39,6,Electrolux,40.0,M,3.0
40,9,Dyson,56.0,M,2.5
41,7,Electrolux,45.0,bd.,2.0
42,5,Tefal,40.0,M,3.0
43,6,Dyson,28.0,bd.,2.0
44,6,Electrolux,46.0,bd.,2.5
45,12,Electrolux,29.0,M,1.5
46,11,Electrolux,56.0,K,2.0
47,4,Dyson,40.0,M,1.5
48,8,Dyson,40.0,M,3.5
49,8,Electrolux,43.0,bd.,3.5
50,4,Electrolux,,M,5.0
51,8,Electrolux,51.0,M,1.5
52,4,Electrolux,37.0,M,1.5
53,8,Tefal,45.0,M,2.0
54,12,Electrolux,34.0,bd.,1.5
55,5,Tefal,40.0,M,1.5
56,7,Tefal,50.0,M,1.5
57,8,Dyson,32.0,M,0.5
58,6,Electrolux,46.0,bd.,2.5
59,6,Electrolux,38.0,bd.,2.0
60,7,Electrolux,33.0,K,2.5
61,3,Electrolux,45.0,M,2.0
62,5,Electrolux,39.0,bd.,4.5
63,7,Electrolux,41.0,bd.,2.0
64,6,Dyson,47.0,M,1.5
65,9,Electrolux,32.0,bd.,1.5
66,12,Electrolux,39.0,M,2.5
67,6,Dyson,42.0,bd.,3.0
68,7,Electrolux,40.0,M,2.0
69,9,Electrolux,30.0,K,5.0
70,6,Electrolux,60.0,M,3.0
71,5,Electrolux,,M,2.0
72,9,Electrolux,61.0,M,3.5
73,7,Electrolux,,M,2.0
74,7,Electrolux,40.0,K,3.5
75,4,Electrolux,27.0,bd.,2.0
76,13,Electrolux,33.0,M,4.5
77,8,Electrolux,44.0,bd.,3.5
78,5,Dyson,34.0,M,1.5
79,5,Electrolux,33.0,M,4.5
80,7,Electrolux,47.0,M,4.0
81,5,Dyson,32.0,M,1.0
82,12,Tefal,35.0,bd.,1.5
83,3,Electrolux,59.0,M,1.5
84,4,Electrolux,25.0,M,2.5
85,8,Electrolux,49.0,M,1.5
86,5,Tefal,39.0,M,2.0
87,8,Electrolux,52.0,M,3.5
88,5,Electrolux,55.0,M,1.5
89,7,Electrolux,33.0,bd.,3.0
90,4,Electrolux,44.0,bd.,3.5
91,8,Dyson,61.0,K,3.5
92,11,Electrolux,30.0,M,5.0
93,6,Electrolux,45.0,M,5.0
94,5,Tefal,23.0,bd.,3.0
95,10,Samsung,41.0,bd.,3.0
96,11,Electrolux,57.0,K,1.5
97,9,Electrolux,62.0,M,1.5
98,3,Electrolux,46.0,M,2.5
99,3,Electrolux,42.0,M,2.5
100,4,Dyson,,M,3.5
101,6,Electrolux,50.0,M,2.5
102,2,Electrolux,38.0,M,2.0
103,9,Electrolux,18.0,K,2.0
104,5,Dyson,32.0,bd.,2.5
105,9,Beko,34.0,K,4.0
106,3,Electrolux,33.0,M,2.0
107,8,Tefal,26.0,bd.,4.0
108,4,Electrolux,41.0,M,2.0
109,5,Electrolux,53.0,M,4.5
110,7,Samsung,30.0,bd.,4.0
111,5,Electrolux,39.0,bd.,3.0
112,8,Beko,47.0,M,2.5
113,4,Electrolux,30.0,M,4.0
114,12,Dyson,44.0,M,1.0
115,6,Tefal,20.0,M,1.5
116,5,Electrolux,52.0,M,4.5
117,8,Samsung,43.0,M,2.0
118,13,Electrolux,53.0,K,1.5
119,10,Electrolux,,bd.,2.5
120,15,Electrolux,51.0,M,2.5
121,7,Electrolux,44.0,M,3.5
122,3,Dyson,53.0,bd.,2.5
123,4,Electrolux,64.0,M,4.0
124,9,Dyson,22.0,M,3.5
125,4,Electrolux,37.0,M,3.0
126,7,Electrolux,50.0,K,1.5
127,6,Electrolux,29.0,K,2.5
128,9,Dyson,55.0,K,5.0
129,4,Electrolux,54.0,M,1.5
130,5,Samsung,46.0,M,2.5
131,8,Electrolux,40.0,M,1.0
132,14,Tefal,40.0,M,1.5
133,11,Tefal,52.0,M,1.5
134,9,Tefal,52.0,M,4.5
135,7,Electrolux,31.0,M,3.5
136,9,Electrolux,40.0,M,5.0
137,6,Electrolux,,M,4.5
138,7,Electrolux,51.0,M,2.5
139,10,Electrolux,35.0,M,1.5
140,5,Electrolux,21.0,M,2.0
141,11,Electrolux,29.0,M,2.5
142,10,Electrolux,28.0,M,0.0
143,8,Electrolux,35.0,K,4.0
144,10,Electrolux,41.0,bd.,3.0
145,7,Samsung,46.0,bd.,4.5
146,5,Electrolux,49.0,bd.,1.0
147,9,Electrolux,36.0,M,3.5
148,4,Dyson,28.0,bd.,3.0
149,5,Tefal,39.0,M,1.0
150,5,Samsung,57.0,M,1.5
151,7,Beko,59.0,bd.,4.5
152,6,Dyson,28.0,bd.,2.5
153,10,Electrolux,,K,1.0
154,7,Electrolux,40.0,bd.,2.0
155,10,Electrolux,41.0,bd.,2.0
156,5,Electrolux,54.0,M,3.0
157,11,Samsung,,bd.,3.5
158,6,Electrolux,27.0,M,3.5
159,7,Electrolux,,bd.,2.5
160,7,Dyson,41.0,M,1.0
161,6,Electrolux,33.0,M,1.5
162,4,Electrolux,38.0,bd.,4.5
163,7,Electrolux,55.0,M,0.0
164,8,Electrolux,30.0,M,2.5
165,5,Electrolux,33.0,bd.,2.5
166,15,Electrolux,23.0,bd.,2.5
167,6,Electrolux,25.0,M,2.0
168,4,Electrolux,43.0,M,2.5
169,4,Electrolux,53.0,bd.,3.0
170,6,Dyson,31.0,M,3.0
171,6,Electrolux,41.0,M,2.5
172,8,Electrolux,45.0,M,4.5
173,2,Electrolux,32.0,bd.,2.5
174,4,Electrolux,39.0,K,2.0
175,6,Electrolux,55.0,M,4.0
176,12,Samsung,43.0,M,3.5
177,4,Tefal,23.0,M,3.0
178,9,Electrolux,48.0,M,2.0
179,5,Beko,41.0,bd.,4.0
180,5,Electrolux,61.0,bd.,1.5
181,8,Samsung,32.0,M,1.5
182,4,Samsung,30.0,M,0.0
183,3,Electrolux,34.0,M,2.0
184,5,Electrolux,34.0,M,1.5
185,8,Electrolux,47.0,bd.,2.5
186,5,Electrolux,40.0,M,2.5
187,9,Tefal,48.0,M,4.5
188,6,Electrolux,37.0,M,0.5
189,8,Electrolux,35.0,M,2.0
190,12,Dyson,,M,2.0
191,11,Samsung,40.0,M,2.0
192,4,Electrolux,40.0,M,2.5
193,7,Electrolux,38.0,M,3.0
194,5,Electrolux,34.0,M,3.0
195,8,Electrolux,34.0,M,2.0
196,9,Electrolux,22.0,M,1.0
197,8,Electrolux,37.0,M,1.0
198,8,Tefal,45.0,bd.,2.5
199,6,Electrolux,40.0,bd.,2.0
200,4,Electrolux,27.0,M,1.5
201,8,Electrolux,39.0,M,2.0
202,6,Dyson,36.0,K,2.0
203,7,Tefal,32.0,M,2.0
204,3,Electrolux,51.0,M,0.5
205,12,Electrolux,53.0,bd.,2.0
206,8,Electrolux,52.0,bd.,2.0
207,7,Electrolux,22.0,M,3.0
208,15,Dyson,39.0,bd.,1.5
209,8,Samsung,53.0,bd.,3.0
210,7,Dyson,37.0,bd.,1.5
211,8,Tefal,53.0,bd.,2.5
212,7,Tefal,53.0,M,2.5
213,6,Samsung,29.0,M,2.0
214,4,Electrolux,46.0,bd.,2.5
215,7,Electrolux,31.0,bd.,2.5
216,5,Dyson,,M,1.0
217,6,Dyson,35.0,M,2.5
218,9,Electrolux,36.0,M,3.5
219,4,Electrolux,18.0,M,2.5
220,3,Electrolux,45.0,M,2.5
221,7,Tefal,53.0,M,2.5
222,10,Electrolux,25.0,M,3.5
223,8,Dyson,47.0,K,3.5
224,7,Dyson,42.0,bd.,3.0
225,16,Tefal,26.0,M,2.0
226,4,Electrolux,42.0,M,1.5
227,7,Samsung,29.0,bd.,2.0
228,4,Electrolux,44.0,M,3.5
229,7,Electrolux,29.0,bd.,1.5
230,8,Samsung,36.0,M,1.0
231,3,Electrolux,,M,1.5
232,8,Dyson,45.0,M,2.0
233,8,Electrolux,46.0,M,2.0
234,2,Electrolux,,bd.,0.5
235,8,Beko,37.0,M,4.0
236,5,Samsung,25.0,bd.,5.0
237,5,Electrolux,55.0,bd.,3.0
238,7,Samsung,24.0,bd.,2.0
239,4,Electrolux,41.0,bd.,4.0
240,7,Electrolux,42.0,bd.,0.5
241,4,Tefal,45.0,M,1.0
242,7,Electrolux,43.0,bd.,2.5
243,3,Electrolux,31.0,M,2.0
244,7,Electrolux,,bd.,1.5
245,13,Beko,47.0,M,1.5
246,11,Electrolux,19.0,M,3.5
247,7,Electrolux,43.0,M,1.5
248,8,Electrolux,38.0,M,2.5
249,6,Electrolux,,M,2.0
250,7,Electrolux,44.0,bd.,3.0
251,9,Electrolux,40.0,M,2.5
252,2,Electrolux,41.0,M,3.0
253,6,Electrolux,36.0,M,3.5
254,7,Dyson,67.0,M,2.0
255,7,Electrolux,29.0,bd.,2.5
256,8,Dyson,32.0,M,2.5
257,3,Electrolux,35.0,M,3.0
258,11,Dyson,18.0,M,2.0
259,7,Electrolux,40.0,M,1.0
260,6,Electrolux,26.0,M,1.5
261,10,Electrolux,36.0,M,3.0
262,7,Electrolux,49.0,M,2.5
263,10,Electrolux,31.0,M,2.5
264,5,Beko,34.0,bd.,2.0
265,6,Electrolux,49.0,M,4.0
266,1,Electrolux,37.0,bd.,3.5
267,7,Electrolux,48.0,M,2.0
268,8,Beko,35.0,M,2.0
269,7,Electrolux,54.0,M,3.5
270,9,Electrolux,33.0,K,3.0
271,10,Dyson,28.0,bd.,1.0
272,9,Electrolux,51.0,bd.,4.0
273,10,Beko,,M,2.5
274,4,Samsung,31.0,M,2.0
275,2,Dyson,45.0,M,3.0
276,8,Tefal,60.0,M,1.0
277,9,Electrolux,40.0,M,1.5
278,5,Samsung,47.0,bd.,3.5
279,3,Beko,36.0,M,3.0
280,6,Electrolux,47.0,bd.,2.5
281,7,Electrolux,33.0,M,3.5
282,4,Electrolux,34.0,bd.,3.5
283,11,Samsung,26.0,M,2.5
284,6,Electrolux,40.0,M,4.0
285,12,Electrolux,54.0,M,1.0
286,8,Samsung,36.0,bd.,3.0
287,3,Electrolux,53.0,M,3.0
288,5,Electrolux,33.0,M,2.0
289,10,Dyson,35.0,M,2.0
290,9,Beko,38.0,K,2.0
291,11,Electrolux,18.0,bd.,2.0
292,7,Dyson,42.0,M,1.5
293,5,Electrolux,22.0,M,4.5
294,4,Electrolux,40.0,M,3.0
295,9,Dyson,31.0,M,1.5
296,3,Electrolux,42.0,bd.,2.5
297,3,Electrolux,40.0,M,2.5
298,9,Samsung,44.0,M,1.0
299,7,Samsung,37.0,M,5.0
300,4,Electrolux,25.0,K,4.0
301,5,Electrolux,,M,2.0
302,9,Tefal,30.0,M,1.5
303,10,Electrolux,,M,2.0
304,8,Electrolux,27.0,M,1.5
305,8,Electrolux,44.0,M,2.5
306,5,Electrolux,40.0,M,1.5
307,5,Dyson,39.0,M,0.5
308,6,Dyson,30.0,bd.,3.0
309,7,Electrolux,30.0,M,2.0
310,8,Electrolux,32.0,M,0.5
311,8,Electrolux,49.0,M,2.5
312,7,Electrolux,56.0,M,2.0
313,6,Electrolux,,K,3.0
314,5,Dyson,49.0,bd.,2.5
315,2,Electrolux,33.0,bd.,3.5
316,6,Electrolux,42.0,M,2.5
317,5,Tefal,37.0,M,3.0
318,5,Electrolux,33.0,M,2.5
319,6,Dyson,31.0,M,2.5
320,10,Electrolux,50.0,M,2.5
321,3,Tefal,54.0,bd.,3.0
322,6,Electrolux,,bd.,1.0
323,6,Samsung,48.0,M,2.0
324,9,Electrolux,43.0,M,2.0
325,8,Electrolux,48.0,M,1.5
326,8,Dyson,54.0,M,2.5
327,6,Electrolux,45.0,M,4.0
328,8,Tefal,47.0,M,1.5
329,9,Dyson,35.0,bd.,2.5
330,10,Samsung,40.0,M,1.5
331,11,Electrolux,,M,4.5
332,6,Dyson,45.0,M,4.0
333,11,Beko,37.0,M,3.0
334,8,Dyson,28.0,M,2.5
335,10,Dyson,26.0,M,3.5
336,8,Tefal,24.0,bd.,2.0
337,8,Dyson,36.0,M,3.5
338,9,Samsung,28.0,M,2.0
339,6,Tefal,33.0,K,3.5
340,4,Electrolux,,M,4.0
341,13,Electrolux,43.0,bd.,3.0
342,10,Electrolux,34.0,bd.,1.5
343,7,Electrolux,41.0,K,0.0
344,7,Electrolux,19.0,bd.,2.0
345,6,Electrolux,31.0,bd.,4.0
346,5,Electrolux,42.0,M,2.0
347,8,Beko,42.0,M,2.0
348,11,Beko,38.0,M,1.5
349,2,Electrolux,42.0,M,1.0
350,11,Electrolux,40.0,bd.,2.5
351,9,Electrolux,33.0,K,2.5
352,12,Electrolux,31.0,M,1.5
353,3,Electrolux,33.0,M,3.0
354,6,Electrolux,43.0,bd.,3.0
355,4,Electrolux,36.0,M,2.5
356,8,Electrolux,46.0,K,2.0
357,11,Dyson,39.0,bd.,2.5
358,5,Electrolux,35.0,M,4.5
359,7,Electrolux,29.0,M,2.5
360,4,Electrolux,49.0,bd.,3.0
361,5,Tefal,39.0,bd.,2.5
362,7,Beko,34.0,M,4.0
363,9,Electrolux,33.0,bd.,4.0
364,3,Electrolux,,M,2.5
365,5,Electrolux,48.0,bd.,2.0
366,9,Electrolux,41.0,M,2.0
367,10,Electrolux,47.0,bd.,3.0
368,7,Electrolux,40.0,bd.,1.0
369,6,Tefal,,M,2.5
370,11,Electrolux,46.0,M,2.0
371,7,Dyson,53.0,M,3.5
372,6,Electrolux,43.0,M,3.5
373,6,Dyson,44.0,K,2.5
374,8,Electrolux,31.0,M,3.5
375,4,Dyson,41.0,M,1.0
376,6,Dyson,46.0,M,0.5
377,9,Electrolux,52.0,M,2.0
378,4,Electrolux,57.0,M,2.0
379,8,Dyson,58.0,bd.,1.5
380,7,Beko,,bd.,1.5
381,4,Electrolux,,M,5.0
382,7,Electrolux,54.0,bd.,1.5
383,4,Electrolux,,bd.,1.0
384,4,Electrolux,35.0,bd.,0.5
385,12,Dyson,49.0,bd.,1.0
386,5,Dyson,47.0,M,5.0
387,9,Electrolux,44.0,bd.,1.0
388,9,Electrolux,,M,0.5
389,10,Dyson,48.0,M,1.0
390,9,Electrolux,43.0,M,2.0
391,8,Electrolux,48.0,M,0.5
392,10,Electrolux,39.0,M,2.0
393,11,Dyson,32.0,M,1.0
394,5,Electrolux,48.0,M,1.5
395,12,Electrolux,54.0,M,3.0
396,9,Electrolux,33.0,M,1.5
397,4,Electrolux,,M,1.0
398,7,Electrolux,31.0,bd.,0.5
399,6,Electrolux,34.0,M,3.0
400,6,Dyson,26.0,bd.,4.5
401,5,Dyson,27.0,bd.,4.5
402,8,Dyson,68.0,K,3.0
403,9,Electrolux,29.0,M,2.5
404,9,Beko,,bd.,2.0
405,8,Samsung,47.0,K,3.5
406,5,Tefal,47.0,bd.,2.5
407,8,Electrolux,44.0,M,2.0
408,12,Electrolux,40.0,M,3.0
409,6,Electrolux,37.0,bd.,2.5
410,11,Electrolux,29.0,M,2.0
411,2,Dyson,50.0,K,2.5
412,7,Electrolux,32.0,M,2.5
413,6,Tefal,32.0,M,1.5
414,11,Electrolux,,bd.,1.5
415,5,Electrolux,28.0,bd.,3.5
416,6,Dyson,47.0,bd.,2.5
417,9,Electrolux,41.0,M,2.5
418,7,Electrolux,44.0,M,2.0
419,6,Electrolux,,M,1.0
420,8,Electrolux,53.0,M,3.0
421,9,Electrolux,30.0,M,2.0
422,11,Electrolux,23.0,M,2.0
423,8,Electrolux,54.0,bd.,5.0
424,3,Dyson,36.0,K,4.0
425,6,Electrolux,40.0,bd.,2.0
426,5,Beko,29.0,M,2.0
427,6,Electrolux,34.0,bd.,4.0
428,2,Dyson,35.0,M,1.5
429,4,Beko,25.0,M,2.0
430,8,Samsung,,M,2.5
431,8,Dyson,35.0,M,3.0
432,8,Tefal,46.0,K,0.5
433,13,Samsung,36.0,M,2.0
434,9,Electrolux,40.0,M,3.0
435,8,Electrolux,37.0,M,3.5
436,5,Electrolux,22.0,M,4.5
437,8,Electrolux,49.0,M,2.0
438,11,Electrolux,53.0,M,3.5
439,2,Beko,46.0,M,2.5
440,8,Electrolux,53.0,M,4.0
441,6,Dyson,42.0,M,1.5
442,7,Electrolux,38.0,M,1.0
443,6,Dyson,35.0,bd.,2.5
444,5,Electrolux,56.0,bd.,1.5
445,12,Electrolux,43.0,bd.,3.5
446,5,Electrolux,47.0,M,2.0
447,10,Electrolux,,bd.,0.5
448,6,Dyson,42.0,M,2.0
449,6,Electrolux,44.0,K,2.0
450,9,Dyson,31.0,M,2.0
451,9,Dyson,31.0,bd.,3.0
452,10,Electrolux,,M,1.5
453,2,Electrolux,53.0,M,3.0
454,10,Electrolux,55.0,M,4.0
455,10,Samsung,,bd.,3.0
456,6,Electrolux,37.0,M,1.5
457,7,Electrolux,,K,1.5
458,8,Electrolux,43.0,M,2.0
459,7,Electrolux,40.0,bd.,3.0
460,8,Electrolux,60.0,M,2.5
461,7,Dyson,38.0,bd.,2.0
462,10,Dyson,37.0,M,1.5
463,12,Electrolux,43.0,bd.,3.0
