,Dni od zakupu,Marka,Wiek kupujacego,Plec kupujacego,Ocena
0,4,Beko,29.0,bd.,4.5
1,3,Electrolux,39.0,M,2.5
2,6,Electrolux,49.0,bd.,2.0
3,3,Beko,41.0,M,3.5
4,11,Electrolux,40.0,bd.,3.0
5,10,Beko,41.0,K,1.5
6,10,Electrolux,37.0,bd.,3.0
7,12,Electrolux,,bd.,1.5
8,10,Dyson,45.0,M,1.5
9,12,Beko,31.0,M,2.0
10,3,Electrolux,21.0,K,2.0
11,5,Electrolux,64.0,bd.,5.0
12,5,Beko,35.0,bd.,4.0
13,8,Electrolux,39.0,M,3.5
14,6,Electrolux,60.0,bd.,1.5
15,9,Electrolux,28.0,M,2.5
16,8,Beko,51.0,M,2.5
17,3,Dyson,56.0,bd.,3.0
18,7,Dyson,48.0,bd.,4.5
19,9,Tefal,33.0,K,2.5
20,7,Beko,48.0,M,3.0
21,5,Beko,31.0,M,2.5
22,10,Dyson,32.0,M,2.5
23,7,Electrolux,38.0,bd.,2.0
24,6,Beko,57.0,bd.,0.5
25,8,Beko,49.0,M,0.5
26,4,Tefal,38.0,M,2.0
27,10,Beko,40.0,bd.,2.0
28,9,Beko,50.0,bd.,2.5
29,15,Electrolux,47.0,K,2.5
30,6,Electrolux,29.0,K,3.5
31,6,Samsung,46.0,M,2.5
32,8,Samsung,46.0,M,2.0
33,5,Dyson,29.0,M,1.5
34,4,Beko,46.0,M,4.0
35,3,Dyson,22.0,bd.,3.5
36,9,Samsung,54.0,M,3.0
37,15,Electrolux,29.0,M,2.5
38,11,Samsung,40.0,M,5.0
39,10,Electrolux,37.0,bd.,1.5
40,5,Electrolux,31.0,M,2.0
41,5,Beko,52.0,M,2.5
42,7,Electrolux,27.0,bd.,3.0
43,3,Samsung,35.0,bd.,2.0
44,8,Beko,51.0,bd.,1.5
45,7,Electrolux,29.0,M,1.0
46,3,Electrolux,23.0,bd.,1.0
47,5,Beko,36.0,M,2.0
48,2,Tefal,24.0,K,1.5
49,5,Dyson,43.0,bd.,4.5
50,8,Electrolux,47.0,M,2.0
51,11,Dyson,30.0,M,3.0
52,4,Dyson,32.0,bd.,4.0
53,7,Beko,44.0,M,2.0
54,13,Electrolux,45.0,bd.,1.5
55,11,Tefal,38.0,M,1.5
56,6,Electrolux,,bd.,3.0
57,4,Dyson,34.0,bd.,1.0
58,5,Beko,37.0,M,3.0
59,9,Dyson,43.0,M,1.5
60,2,Beko,,M,2.5
61,8,Beko,48.0,M,1.5
62,13,Dyson,27.0,bd.,2.5
63,9,Beko,49.0,bd.,2.5
64,4,Electrolux,,K,3.5
65,7,Beko,43.0,M,3.5
66,8,Beko,37.0,bd.,2.0
67,5,Beko,,bd.,2.5
68,7,Electrolux,55.0,bd.,3.0
69,12,Dyson,44.0,bd.,1.5
70,10,Beko,46.0,bd.,1.5
71,8,Beko,,K,2.0
72,6,Beko,32.0,K,2.5
73,8,Beko,62.0,M,2.0
74,4,Tefal,,M,3.0
75,6,Beko,38.0,M,1.5
76,6,Beko,35.0,bd.,5.0
77,9,Dyson,35.0,M,2.5
78,6,Samsung,44.0,M,2.0
79,7,Samsung,,M,1.5
80,7,Electrolux,27.0,M,1.5
81,6,Electrolux,,M,2.0
82,8,Electrolux,41.0,bd.,3.0
83,2,Beko,23.0,M,4.5
84,3,Beko,32.0,bd.,3.0
85,8,Beko,35.0,bd.,3.5
86,6,Electrolux,44.0,bd.,2.5
87,2,Beko,43.0,bd.,1.5
88,7,Tefal,37.0,M,3.0
89,6,Electrolux,53.0,M,1.5
90,6,Beko,43.0,bd.,2.5
91,7,Electrolux,41.0,M,1.0
92,6,Beko,38.0,bd.,1.5
93,8,Electrolux,46.0,M,2.5
94,6,Beko,49.0,bd.,2.0
95,10,Electrolux,43.0,M,3.5
96,6,Dyson,33.0,M,1.0
97,4,Beko,50.0,bd.,3.0
98,4,Beko,52.0,bd.,2.0
99,8,Beko,37.0,bd.,2.0
100,5,Electrolux,58.0,M,4.5
101,3,Beko,,bd.,2.0
102,6,Electrolux,25.0,M,5.0
103,6,Electrolux,45.0,M,0.5
104,9,Samsung,35.0,M,2.0
105,5,Beko,45.0,M,1.0
106,5,Dyson,40.0,M,2.0
107,13,Beko,,M,2.0
108,7,Dyson,,M,2.0
109,6,Beko,38.0,bd.,2.0
110,4,Beko,32.0,M,1.5
111,6,Electrolux,26.0,bd.,5.0
112,10,Beko,50.0,bd.,4.0
113,11,Beko,55.0,M,2.5
114,11,Beko,50.0,bd.,0.5
115,4,Electrolux,50.0,bd.,3.0
116,5,Beko,50.0,M,1.0
117,5,Dyson,55.0,K,3.5
118,5,Beko,33.0,bd.,1.5
119,3,Beko,,bd.,2.5
120,10,Dyson,43.0,K,2.5
121,8,Electrolux,24.0,M,3.0
122,9,Beko,22.0,bd.,4.0
123,11,Tefal,40.0,bd.,3.0
124,8,Tefal,59.0,bd.,3.0
125,7,Beko,,bd.,3.0
126,5,Beko,,bd.,1.5
127,6,Electrolux,19.0,bd.,3.5
128,3,Beko,38.0,bd.,2.0
129,4,Dyson,49.0,bd.,3.5
130,9,Samsung,36.0,M,3.5
131,5,Tefal,46.0,bd.,1.0
132,4,Electrolux,50.0,bd.,2.5
133,8,Dyson,24.0,M,5.0
134,3,Electrolux,48.0,M,1.5
135,12,Dyson,39.0,bd.,1.0
136,5,Electrolux,56.0,bd.,3.0
137,3,Beko,,M,3.0
138,5,Dyson,39.0,M,5.0
139,7,Electrolux,33.0,bd.,3.0
140,12,Electrolux,47.0,M,2.5
141,6,Beko,32.0,bd.,2.0
142,5,Electrolux,61.0,M,1.5
143,7,Electrolux,,M,5.0
144,7,Tefal,50.0,bd.,1.5
145,13,Beko,55.0,bd.,2.0
146,8,Beko,30.0,bd.,3.0
147,5,Tefal,49.0,bd.,1.0
148,8,Electrolux,36.0,M,1.5
149,8,Dyson,,bd.,3.0
150,4,Dyson,19.0,bd.,2.0
151,10,Beko,36.0,M,4.5
152,8,Dyson,47.0,bd.,4.0
153,10,Dyson,74.0,M,2.5
154,6,Tefal,47.0,bd.,5.0
155,6,Dyson,55.0,bd.,1.0
156,5,Electrolux,34.0,bd.,1.0
157,5,Beko,56.0,M,1.0
158,5,Beko,35.0,M,3.0
159,5,Samsung,,bd.,1.5
160,5,Dyson,62.0,M,0.5
161,12,Dyson,51.0,bd.,2.0
162,10,Beko,56.0,bd.,2.0
163,7,Dyson,42.0,bd.,3.5
164,4,Beko,49.0,M,1.5
165,9,Beko,35.0,bd.,2.0
166,10,Beko,56.0,bd.,1.5
167,4,Beko,,M,4.0
168,5,Electrolux,30.0,M,3.0
169,8,Beko,42.0,M,1.5
170,8,Beko,43.0,bd.,2.5
171,9,Beko,57.0,M,2.0
172,7,Beko,56.0,bd.,3.0
173,6,Dyson,32.0,bd.,4.0
174,1,Samsung,50.0,M,3.0
175,5,Electrolux,50.0,M,3.5
176,5,Beko,30.0,bd.,2.5
177,5,Beko,43.0,bd.,3.0
178,11,Electrolux,35.0,M,2.0
179,9,Electrolux,35.0,M,3.5
180,7,Beko,56.0,M,4.5
181,5,Beko,49.0,bd.,2.5
182,6,Electrolux,35.0,M,0.0
183,6,Electrolux,40.0,bd.,1.5
184,7,Electrolux,,K,2.5
185,6,Beko,42.0,bd.,1.5
186,7,Beko,,bd.,3.0
187,6,Dyson,60.0,M,0.0
188,4,Dyson,47.0,M,1.5
189,9,Electrolux,46.0,M,2.0
190,9,Beko,24.0,bd.,0.5
191,3,Beko,54.0,M,2.0
192,3,Electrolux,,M,1.5
193,8,Beko,30.0,M,1.5
194,9,Electrolux,25.0,M,1.0
195,7,Electrolux,38.0,M,1.5
196,6,Electrolux,44.0,bd.,2.5
197,8,Electrolux,33.0,M,1.0
198,6,Dyson,35.0,bd.,2.5
199,7,Dyson,30.0,bd.,2.5
200,9,Electrolux,47.0,K,2.5
201,8,Beko,27.0,bd.,2.0
202,6,Dyson,29.0,bd.,1.0
203,7,Dyson,51.0,bd.,4.0
204,2,Tefal,,M,1.0
205,6,Electrolux,50.0,bd.,4.0
206,3,Beko,41.0,M,2.0
207,8,Beko,50.0,M,3.0
208,8,Beko,47.0,bd.,1.5
209,7,Dyson,23.0,bd.,5.0
210,7,Dyson,44.0,bd.,1.0
211,3,Beko,50.0,M,1.0
212,5,Electrolux,49.0,bd.,3.0
213,9,Electrolux,57.0,M,3.5
214,6,Beko,43.0,bd.,2.0
215,4,Beko,,M,4.0
216,15,Beko,42.0,K,3.5
217,13,Dyson,54.0,M,3.5
218,7,Dyson,41.0,M,1.5
219,11,Beko,55.0,K,3.5
220,6,Beko,35.0,bd.,2.0
221,10,Electrolux,43.0,bd.,2.0
222,6,Electrolux,54.0,bd.,2.0
223,7,Dyson,,bd.,3.0
224,7,Electrolux,56.0,K,2.0
225,7,Samsung,44.0,bd.,3.5
226,6,Electrolux,35.0,bd.,2.5
227,5,Beko,34.0,K,4.0
228,4,Electrolux,41.0,M,1.5
229,7,Electrolux,37.0,bd.,1.5
230,5,Electrolux,38.0,M,2.0
231,5,Beko,,bd.,2.5
232,6,Dyson,28.0,bd.,2.0
233,6,Dyson,55.0,bd.,1.5
234,5,Beko,40.0,M,2.0
235,9,Electrolux,51.0,bd.,3.0
236,10,Electrolux,32.0,M,4.0
237,8,Dyson,30.0,bd.,1.5
238,10,Tefal,41.0,bd.,3.5
239,5,Beko,49.0,M,2.5
240,4,Dyson,46.0,bd.,4.5
241,6,Electrolux,56.0,M,4.0
242,6,Dyson,34.0,M,5.0
243,6,Beko,34.0,bd.,4.0
244,4,Dyson,40.0,bd.,2.5
245,6,Samsung,44.0,bd.,1.5
246,7,Samsung,46.0,M,2.0
247,6,Dyson,52.0,M,1.0
248,3,Electrolux,35.0,M,0.5
249,4,Dyson,58.0,bd.,4.0
250,9,Beko,26.0,M,5.0
251,3,Tefal,32.0,M,2.5
252,4,Beko,38.0,M,3.0
253,5,Beko,52.0,M,4.0
254,11,Electrolux,26.0,M,0.5
255,5,Dyson,54.0,M,4.0
256,9,Electrolux,33.0,M,3.5
257,9,Samsung,68.0,M,2.0
258,5,Electrolux,43.0,M,2.5
259,8,Electrolux,40.0,M,2.0
260,1,Tefal,52.0,bd.,2.5
261,9,Electrolux,37.0,K,2.0
262,11,Electrolux,56.0,bd.,1.5
263,11,Dyson,29.0,K,2.0
264,4,Dyson,27.0,M,2.5
265,6,Beko,43.0,bd.,5.0
266,8,Electrolux,27.0,M,3.0
267,6,Electrolux,30.0,bd.,4.0
268,8,Samsung,37.0,K,4.0
269,4,Beko,45.0,M,2.0
270,8,Electrolux,,M,1.5
271,4,Beko,34.0,K,2.5
272,10,Beko,24.0,K,1.0
273,9,Beko,34.0,bd.,1.0
274,5,Electrolux,37.0,K,1.5
275,10,Electrolux,48.0,bd.,1.5
276,4,Samsung,35.0,K,2.5
277,9,Electrolux,44.0,bd.,3.5
278,3,Dyson,38.0,M,3.0
279,8,Beko,23.0,bd.,2.5
280,8,Samsung,38.0,M,1.5
281,6,Samsung,48.0,M,2.0
282,4,Dyson,54.0,M,2.5
283,8,Dyson,33.0,M,4.0
284,3,Beko,48.0,bd.,3.0
285,4,Beko,47.0,bd.,3.5
286,4,Electrolux,24.0,M,1.5
287,4,Beko,33.0,bd.,2.0
288,8,Dyson,22.0,M,2.0
289,4,Electrolux,26.0,M,5.0
290,11,Dyson,39.0,K,4.0
291,6,Dyson,29.0,bd.,3.0
292,6,Dyson,18.0,bd.,2.5
293,8,Beko,,bd.,4.0
294,5,Tefal,45.0,bd.,2.0
295,9,Beko,38.0,bd.,2.0
296,3,Beko,43.0,M,1.0
297,7,Beko,52.0,M,2.5
298,10,Beko,49.0,K,0.5
299,6,Beko,40.0,bd.,4.0
300,7,Beko,35.0,M,2.5
301,8,Electrolux,43.0,K,3.5
302,9,Dyson,,bd.,2.0
303,1,Electrolux,47.0,M,3.5
304,4,Electrolux,23.0,K,2.0
305,6,Dyson,37.0,bd.,3.0
306,3,Beko,,M,3.5
307,5,Electrolux,27.0,M,2.0
308,6,Beko,35.0,bd.,2.5
309,9,Electrolux,34.0,M,4.0
310,6,Beko,37.0,M,1.5
311,11,Beko,45.0,M,0.5
312,10,Beko,,bd.,2.5
313,4,Beko,40.0,M,3.0
314,9,Electrolux,40.0,bd.,2.5
315,8,Beko,33.0,bd.,3.5
316,7,Tefal,35.0,M,3.5
317,8,Electrolux,49.0,bd.,3.0
318,6,Beko,43.0,bd.,5.0
319,6,Tefal,45.0,K,3.5
320,4,Beko,52.0,M,4.0
321,5,Electrolux,40.0,M,2.5
322,4,Dyson,42.0,M,4.0
323,6,Electrolux,29.0,bd.,2.0
324,12,Electrolux,48.0,bd.,2.0
325,10,Dyson,59.0,M,3.5
326,8,Beko,43.0,K,3.0
327,2,Beko,24.0,M,2.0
328,7,Electrolux,41.0,M,2.0
329,8,Electrolux,39.0,K,2.0
330,8,Dyson,49.0,M,1.5
331,1,Beko,46.0,M,2.5
332,8,Electrolux,46.0,bd.,1.0
333,5,Beko,44.0,M,1.5
334,3,Electrolux,26.0,bd.,2.5
335,9,Electrolux,32.0,bd.,1.5
336,3,Beko,,bd.,1.0
337,7,Dyson,51.0,M,2.0
338,6,Electrolux,35.0,bd.,4.5
339,6,Electrolux,,bd.,2.5
340,4,Beko,48.0,bd.,3.0
341,8,Dyson,35.0,bd.,2.0
342,0,Tefal,,bd.,3.0
343,5,Electrolux,49.0,M,3.0
344,7,Beko,38.0,M,3.0
345,6,Beko,49.0,bd.,2.5
346,9,Electrolux,53.0,bd.,3.5
347,4,Dyson,40.0,K,3.5
348,11,Electrolux,24.0,bd.,4.5
349,9,Electrolux,54.0,bd.,4.0
350,8,Electrolux,,bd.,3.5
351,8,Samsung,,M,2.0
352,9,Samsung,35.0,bd.,3.5
353,8,Beko,,K,1.0
354,7,Electrolux,20.0,bd.,1.5
355,10,Beko,46.0,bd.,1.5
356,12,Beko,54.0,M,2.5
357,4,Beko,49.0,bd.,1.5
358,8,Beko,42.0,M,2.0
359,2,Electrolux,47.0,M,1.5
360,7,Electrolux,36.0,M,4.5
361,10,Dyson,36.0,M,2.0
362,5,Beko,37.0,M,2.5
363,7,Beko,35.0,bd.,1.0
364,8,Electrolux,43.0,M,1.5
365,5,Electrolux,39.0,bd.,0.5
366,8,Electrolux,46.0,bd.,2.0
367,11,Tefal,41.0,bd.,1.0
368,5,Dyson,49.0,bd.,4.0
369,4,Electrolux,41.0,bd.,2.0
370,15,Dyson,43.0,bd.,1.0
371,6,Dyson,,M,1.5
372,5,Beko,51.0,K,2.5
373,9,Beko,41.0,M,3.0
374,7,Dyson,34.0,bd.,5.0
375,7,Samsung,64.0,bd.,4.5
376,7,Beko,51.0,bd.,3.5
377,6,Electrolux,54.0,M,1.5
378,6,Dyson,35.0,bd.,0.0
379,5,Beko,44.0,bd.,3.0
380,5,Beko,61.0,M,2.0
381,6,Dyson,59.0,M,1.0
382,9,Beko,47.0,bd.,4.5
383,14,Beko,44.0,M,3.5
384,4,Electrolux,51.0,bd.,0.5
385,8,Beko,42.0,M,3.0
386,10,Electrolux,50.0,K,1.5
387,8,Electrolux,46.0,bd.,3.0
388,3,Dyson,45.0,bd.,1.0
389,12,Beko,47.0,M,4.0
390,2,Beko,46.0,bd.,4.0
391,6,Electrolux,48.0,bd.,1.5
392,4,Electrolux,30.0,M,2.5
393,4,Tefal,37.0,M,1.0
394,5,Beko,49.0,M,3.0
395,6,Beko,40.0,bd.,1.5
396,7,Electrolux,29.0,M,1.0
397,7,Beko,32.0,bd.,2.0
398,8,Dyson,40.0,bd.,2.0
399,10,Electrolux,58.0,bd.,3.0
400,7,Dyson,29.0,K,2.0
401,9,Beko,40.0,M,2.5
402,8,Electrolux,35.0,M,3.0
403,8,Beko,33.0,bd.,2.5
404,9,Beko,42.0,M,3.5
405,9,Electrolux,34.0,bd.,2.0
406,3,Beko,25.0,M,2.0
407,7,Beko,48.0,M,1.5
408,8,Dyson,41.0,bd.,2.0
409,3,Electrolux,42.0,bd.,3.5
410,4,Dyson,32.0,bd.,2.5
411,13,Beko,33.0,bd.,3.0
412,5,Electrolux,36.0,M,2.5
413,6,Beko,42.0,M,4.0
414,6,Electrolux,38.0,K,2.5
415,4,Beko,48.0,bd.,1.5
416,11,Beko,41.0,K,1.5
417,8,Electrolux,49.0,bd.,3.0
418,3,Dyson,42.0,M,2.5
419,8,Electrolux,31.0,M,1.0
420,7,Beko,38.0,K,2.0
421,6,Dyson,28.0,bd.,1.5
422,7,Electrolux,41.0,M,3.5
423,7,Beko,41.0,K,1.0
424,7,Beko,38.0,K,3.5
425,3,Electrolux,,bd.,1.5
426,5,Electrolux,40.0,M,3.5
427,4,Electrolux,32.0,bd.,3.0
428,3,Beko,39.0,bd.,2.0
429,7,Dyson,44.0,bd.,1.0
430,9,Beko,29.0,bd.,3.5
431,5,Tefal,29.0,M,2.0
432,8,Beko,50.0,bd.,1.5
433,8,Beko,40.0,bd.,3.0
434,15,Beko,18.0,K,3.5
435,9,Dyson,53.0,M,3.5
436,18,Samsung,37.0,bd.,3.0
437,8,Electrolux,49.0,bd.,5.0
438,9,Electrolux,,M,2.5
439,5,Beko,49.0,bd.,2.5
440,6,Beko,46.0,M,1.5
441,6,Beko,36.0,bd.,3.0
442,7,Beko,40.0,M,2.0
443,4,Beko,30.0,M,1.5
444,8,Beko,,bd.,4.5
445,8,Tefal,29.0,bd.,0.5
446,6,Beko,43.0,bd.,2.5
447,10,Samsung,20.0,bd.,4.5
448,6,Beko,40.0,bd.,1.0
449,6,Electrolux,30.0,bd.,1.5
450,5,Beko,45.0,M,4.5
451,6,Beko,45.0,bd.,2.5
452,8,Dyson,30.0,M,3.0
453,7,Electrolux,48.0,M,3.5
454,10,Electrolux,39.0,bd.,1.5
455,10,Beko,42.0,bd.,2.0
456,7,Beko,49.0,M,3.5
457,2,Dyson,,bd.,3.0
458,5,Tefal,45.0,bd.,4.0
459,6,Samsung,33.0,bd.,1.5
460,7,Dyson,41.0,M,2.0
461,9,Samsung,42.0,M,1.5
462,5,Beko,46.0,bd.,2.0
463,10,Samsung,52.0,M,3.0
464,9,Samsung,44.0,M,3.5
465,5,Beko,26.0,M,1.5
